<BackupInst xmlns="http://www.microsoft.com/GroupPolicy/GPOOperations/Manifest"><GPOGuid><![CDATA[{2786B423-D998-4A1E-BE5D-50DE629AED8D}]]></GPOGuid><GPODomain><![CDATA[WallE.IT]]></GPODomain><GPODomainGuid><![CDATA[{07f6cff5-eb5e-4c37-84e9-dd5c78d3accb}]]></GPODomainGuid><GPODomainController><![CDATA[dc1.WallE.IT]]></GPODomainController><BackupTime><![CDATA[2022-03-18T16:23:45]]></BackupTime><ID><![CDATA[{7D58B4EC-FB7B-4334-829A-156059B42C3E}]]></ID><Comment><![CDATA[]]></Comment><GPODisplayName><![CDATA[U_RegEdit]]></GPODisplayName></BackupInst>
