<BackupInst xmlns="http://www.microsoft.com/GroupPolicy/GPOOperations/Manifest"><GPOGuid><![CDATA[{539EEBCF-1A2F-4246-AFD2-F69095295DF8}]]></GPOGuid><GPODomain><![CDATA[WallE.IT]]></GPODomain><GPODomainGuid><![CDATA[{07f6cff5-eb5e-4c37-84e9-dd5c78d3accb}]]></GPODomainGuid><GPODomainController><![CDATA[dc1.WallE.IT]]></GPODomainController><BackupTime><![CDATA[2022-03-18T16:12:01]]></BackupTime><ID><![CDATA[{C13B9082-B719-4686-9F7B-49DFFBBAB119}]]></ID><Comment><![CDATA[]]></Comment><GPODisplayName><![CDATA[AC_BitLocker]]></GPODisplayName></BackupInst>
