<BackupInst xmlns="http://www.microsoft.com/GroupPolicy/GPOOperations/Manifest"><GPOGuid><![CDATA[{D985BAC0-D87A-4C10-807A-A05D96998166}]]></GPOGuid><GPODomain><![CDATA[WallE.IT]]></GPODomain><GPODomainGuid><![CDATA[{07f6cff5-eb5e-4c37-84e9-dd5c78d3accb}]]></GPODomainGuid><GPODomainController><![CDATA[dc1.WallE.IT]]></GPODomainController><BackupTime><![CDATA[2022-03-18T13:32:17]]></BackupTime><ID><![CDATA[{4E4DE7BC-C57F-4BCC-AD34-D0488B046D95}]]></ID><Comment><![CDATA[]]></Comment><GPODisplayName><![CDATA[C_CredentialGuard]]></GPODisplayName></BackupInst>
