<BackupInst xmlns="http://www.microsoft.com/GroupPolicy/GPOOperations/Manifest"><GPOGuid><![CDATA[{D56BA2CE-173F-423B-90E2-684D84B0E900}]]></GPOGuid><GPODomain><![CDATA[WallE.IT]]></GPODomain><GPODomainGuid><![CDATA[{07f6cff5-eb5e-4c37-84e9-dd5c78d3accb}]]></GPODomainGuid><GPODomainController><![CDATA[dc1.WallE.IT]]></GPODomainController><BackupTime><![CDATA[2022-03-18T13:30:35]]></BackupTime><ID><![CDATA[{F9C68F83-F7C0-4636-8D2F-73EB390468C0}]]></ID><Comment><![CDATA[]]></Comment><GPODisplayName><![CDATA[C_ComputerSettings]]></GPODisplayName></BackupInst>
