<BackupInst xmlns="http://www.microsoft.com/GroupPolicy/GPOOperations/Manifest"><GPOGuid><![CDATA[{1CA89B63-221B-458A-A328-22AFEBE09C86}]]></GPOGuid><GPODomain><![CDATA[WallE.IT]]></GPODomain><GPODomainGuid><![CDATA[{07f6cff5-eb5e-4c37-84e9-dd5c78d3accb}]]></GPODomainGuid><GPODomainController><![CDATA[dc1.WallE.IT]]></GPODomainController><BackupTime><![CDATA[2022-03-18T13:09:07]]></BackupTime><ID><![CDATA[{9A81A57F-90B6-4985-AD85-D78BE48DE8C4}]]></ID><Comment><![CDATA[]]></Comment><GPODisplayName><![CDATA[C_Software]]></GPODisplayName></BackupInst>
