<BackupInst xmlns="http://www.microsoft.com/GroupPolicy/GPOOperations/Manifest"><GPOGuid><![CDATA[{D062F7B3-029F-4777-9756-250D99E2FECF}]]></GPOGuid><GPODomain><![CDATA[WallE.IT]]></GPODomain><GPODomainGuid><![CDATA[{07f6cff5-eb5e-4c37-84e9-dd5c78d3accb}]]></GPODomainGuid><GPODomainController><![CDATA[dc1.WallE.IT]]></GPODomainController><BackupTime><![CDATA[2022-03-18T16:10:59]]></BackupTime><ID><![CDATA[{7101C817-CE8C-40A0-A626-92B7A02D4558}]]></ID><Comment><![CDATA[]]></Comment><GPODisplayName><![CDATA[AC_AntiVirus]]></GPODisplayName></BackupInst>
