<BackupInst xmlns="http://www.microsoft.com/GroupPolicy/GPOOperations/Manifest"><GPOGuid><![CDATA[{CE0230F9-BCB3-41B1-A8B1-43519A234A54}]]></GPOGuid><GPODomain><![CDATA[WallE.IT]]></GPODomain><GPODomainGuid><![CDATA[{07f6cff5-eb5e-4c37-84e9-dd5c78d3accb}]]></GPODomainGuid><GPODomainController><![CDATA[dc1.WallE.IT]]></GPODomainController><BackupTime><![CDATA[2022-03-18T16:21:39]]></BackupTime><ID><![CDATA[{5ADDFB9A-CF87-4D8C-A0E6-89125117CEA8}]]></ID><Comment><![CDATA[]]></Comment><GPODisplayName><![CDATA[U_ActiveDirectory]]></GPODisplayName></BackupInst>
