<BackupInst xmlns="http://www.microsoft.com/GroupPolicy/GPOOperations/Manifest"><GPOGuid><![CDATA[{5730E094-2D43-4EC4-ADAE-15973AB890F6}]]></GPOGuid><GPODomain><![CDATA[WallE.IT]]></GPODomain><GPODomainGuid><![CDATA[{07f6cff5-eb5e-4c37-84e9-dd5c78d3accb}]]></GPODomainGuid><GPODomainController><![CDATA[dc1.WallE.IT]]></GPODomainController><BackupTime><![CDATA[2022-03-18T13:16:07]]></BackupTime><ID><![CDATA[{0B6F5141-A638-4598-9862-D6214CB1A151}]]></ID><Comment><![CDATA[]]></Comment><GPODisplayName><![CDATA[U_RegEdit]]></GPODisplayName></BackupInst>
