<BackupInst xmlns="http://www.microsoft.com/GroupPolicy/GPOOperations/Manifest"><GPOGuid><![CDATA[{8633D6D1-2A33-4743-9C02-62960421985A}]]></GPOGuid><GPODomain><![CDATA[WallE.IT]]></GPODomain><GPODomainGuid><![CDATA[{07f6cff5-eb5e-4c37-84e9-dd5c78d3accb}]]></GPODomainGuid><GPODomainController><![CDATA[dc1.WallE.IT]]></GPODomainController><BackupTime><![CDATA[2022-03-18T16:18:00]]></BackupTime><ID><![CDATA[{91A4B921-F76C-402D-AEFE-959648E5DC9A}]]></ID><Comment><![CDATA[]]></Comment><GPODisplayName><![CDATA[AC_LanManager Hash]]></GPODisplayName></BackupInst>
