<BackupInst xmlns="http://www.microsoft.com/GroupPolicy/GPOOperations/Manifest"><GPOGuid><![CDATA[{6643D42B-DFD1-4B68-B2BE-C7FA0CC104A8}]]></GPOGuid><GPODomain><![CDATA[WallE.IT]]></GPODomain><GPODomainGuid><![CDATA[{07f6cff5-eb5e-4c37-84e9-dd5c78d3accb}]]></GPODomainGuid><GPODomainController><![CDATA[dc1.WallE.IT]]></GPODomainController><BackupTime><![CDATA[2022-03-18T13:28:54]]></BackupTime><ID><![CDATA[{ECB6BD50-2B09-4E51-819C-168434B0156D}]]></ID><Comment><![CDATA[]]></Comment><GPODisplayName><![CDATA[U_InternetExplorer]]></GPODisplayName></BackupInst>
