<BackupInst xmlns="http://www.microsoft.com/GroupPolicy/GPOOperations/Manifest"><GPOGuid><![CDATA[{D783D3F9-E742-4B10-83AB-FBD4A1FD9B96}]]></GPOGuid><GPODomain><![CDATA[WallE.IT]]></GPODomain><GPODomainGuid><![CDATA[{07f6cff5-eb5e-4c37-84e9-dd5c78d3accb}]]></GPODomainGuid><GPODomainController><![CDATA[dc1.WallE.IT]]></GPODomainController><BackupTime><![CDATA[2022-03-18T16:19:36]]></BackupTime><ID><![CDATA[{DA9E034C-1006-4782-AF13-E1B66DF51ACE}]]></ID><Comment><![CDATA[]]></Comment><GPODisplayName><![CDATA[AU_InternetExplorer]]></GPODisplayName></BackupInst>
