<BackupInst xmlns="http://www.microsoft.com/GroupPolicy/GPOOperations/Manifest"><GPOGuid><![CDATA[{4CA47698-02D9-4CFD-9421-3A9B58FA82DD}]]></GPOGuid><GPODomain><![CDATA[WallE.IT]]></GPODomain><GPODomainGuid><![CDATA[{cc2e721d-0c0e-4269-82d1-cd0d82f86b79}]]></GPODomainGuid><GPODomainController><![CDATA[dc1.WallE.IT]]></GPODomainController><BackupTime><![CDATA[2022-03-16T17:54:14]]></BackupTime><ID><![CDATA[{DBBE0E31-C677-4139-A317-93F5EEFE2060}]]></ID><Comment><![CDATA[]]></Comment><GPODisplayName><![CDATA[GPO Technical]]></GPODisplayName></BackupInst>
