<BackupInst xmlns="http://www.microsoft.com/GroupPolicy/GPOOperations/Manifest"><GPOGuid><![CDATA[{06D49B76-7B32-4195-BAAD-4ABA8F41A099}]]></GPOGuid><GPODomain><![CDATA[WallE.IT]]></GPODomain><GPODomainGuid><![CDATA[{07f6cff5-eb5e-4c37-84e9-dd5c78d3accb}]]></GPODomainGuid><GPODomainController><![CDATA[dc1.WallE.IT]]></GPODomainController><BackupTime><![CDATA[2022-03-18T16:24:26]]></BackupTime><ID><![CDATA[{6957EDA7-DBDD-41D5-A072-A95EBDD648E7}]]></ID><Comment><![CDATA[]]></Comment><GPODisplayName><![CDATA[U_RemovableDrive]]></GPODisplayName></BackupInst>
