<BackupInst xmlns="http://www.microsoft.com/GroupPolicy/GPOOperations/Manifest"><GPOGuid><![CDATA[{613FA784-4204-4CD0-ABD4-BDD4CA15C47B}]]></GPOGuid><GPODomain><![CDATA[WallE.IT]]></GPODomain><GPODomainGuid><![CDATA[{07f6cff5-eb5e-4c37-84e9-dd5c78d3accb}]]></GPODomainGuid><GPODomainController><![CDATA[dc1.WallE.IT]]></GPODomainController><BackupTime><![CDATA[2022-03-18T16:23:08]]></BackupTime><ID><![CDATA[{95364E67-3558-4FE8-A614-1DA37B5E6582}]]></ID><Comment><![CDATA[]]></Comment><GPODisplayName><![CDATA[U_ControlPanel]]></GPODisplayName></BackupInst>
