<BackupInst xmlns="http://www.microsoft.com/GroupPolicy/GPOOperations/Manifest"><GPOGuid><![CDATA[{1600A603-9680-46EC-87DB-3A921EC9C05A}]]></GPOGuid><GPODomain><![CDATA[WallE.IT]]></GPODomain><GPODomainGuid><![CDATA[{cc2e721d-0c0e-4269-82d1-cd0d82f86b79}]]></GPODomainGuid><GPODomainController><![CDATA[dc1.WallE.IT]]></GPODomainController><BackupTime><![CDATA[2022-03-16T17:55:35]]></BackupTime><ID><![CDATA[{5F9CB6F1-8875-4C00-B742-1C5D7A424204}]]></ID><Comment><![CDATA[]]></Comment><GPODisplayName><![CDATA[GPO Non Technical]]></GPODisplayName></BackupInst>
