<BackupInst xmlns="http://www.microsoft.com/GroupPolicy/GPOOperations/Manifest"><GPOGuid><![CDATA[{015E00D9-E64B-45E1-B7CF-07A81232EF53}]]></GPOGuid><GPODomain><![CDATA[WallE.IT]]></GPODomain><GPODomainGuid><![CDATA[{07f6cff5-eb5e-4c37-84e9-dd5c78d3accb}]]></GPODomainGuid><GPODomainController><![CDATA[dc1.WallE.IT]]></GPODomainController><BackupTime><![CDATA[2022-03-18T13:20:31]]></BackupTime><ID><![CDATA[{254F79AD-8EBC-47B9-BE52-06D8A4C353E8}]]></ID><Comment><![CDATA[]]></Comment><GPODisplayName><![CDATA[U_CMD]]></GPODisplayName></BackupInst>
