<BackupInst xmlns="http://www.microsoft.com/GroupPolicy/GPOOperations/Manifest"><GPOGuid><![CDATA[{EF24AA34-F8BE-4DD6-8ACD-94BAFB89F9D2}]]></GPOGuid><GPODomain><![CDATA[WallE.IT]]></GPODomain><GPODomainGuid><![CDATA[{cc2e721d-0c0e-4269-82d1-cd0d82f86b79}]]></GPODomainGuid><GPODomainController><![CDATA[dc1.WallE.IT]]></GPODomainController><BackupTime><![CDATA[2022-03-16T15:41:03]]></BackupTime><ID><![CDATA[{FD683F20-0C6B-4656-BDC1-FA1EDBC38A67}]]></ID><Comment><![CDATA[]]></Comment><GPODisplayName><![CDATA[Testing]]></GPODisplayName></BackupInst>
