<BackupInst xmlns="http://www.microsoft.com/GroupPolicy/GPOOperations/Manifest"><GPOGuid><![CDATA[{ED3D7FE2-C7E1-4F55-85B9-C3DB35C0B1F7}]]></GPOGuid><GPODomain><![CDATA[WallE.IT]]></GPODomain><GPODomainGuid><![CDATA[{07f6cff5-eb5e-4c37-84e9-dd5c78d3accb}]]></GPODomainGuid><GPODomainController><![CDATA[dc1.WallE.IT]]></GPODomainController><BackupTime><![CDATA[2022-03-18T13:24:18]]></BackupTime><ID><![CDATA[{68667E62-DEB0-4A9C-AF81-29A1E2B9F1CC}]]></ID><Comment><![CDATA[]]></Comment><GPODisplayName><![CDATA[C_LanManager Hash]]></GPODisplayName></BackupInst>
