<BackupInst xmlns="http://www.microsoft.com/GroupPolicy/GPOOperations/Manifest"><GPOGuid><![CDATA[{D6CD6FF9-2C3C-4D84-9230-6EA1B64304D2}]]></GPOGuid><GPODomain><![CDATA[WallE.IT]]></GPODomain><GPODomainGuid><![CDATA[{07f6cff5-eb5e-4c37-84e9-dd5c78d3accb}]]></GPODomainGuid><GPODomainController><![CDATA[dc1.WallE.IT]]></GPODomainController><BackupTime><![CDATA[2022-03-18T16:22:23]]></BackupTime><ID><![CDATA[{CC689B9A-E56C-4C9B-A6B4-BB7E621DCBDA}]]></ID><Comment><![CDATA[]]></Comment><GPODisplayName><![CDATA[U_CMD]]></GPODisplayName></BackupInst>
