<BackupInst xmlns="http://www.microsoft.com/GroupPolicy/GPOOperations/Manifest"><GPOGuid><![CDATA[{BC21D215-366A-4FFB-B5BD-F38ABF16032E}]]></GPOGuid><GPODomain><![CDATA[WallE.IT]]></GPODomain><GPODomainGuid><![CDATA[{07f6cff5-eb5e-4c37-84e9-dd5c78d3accb}]]></GPODomainGuid><GPODomainController><![CDATA[dc1.WallE.IT]]></GPODomainController><BackupTime><![CDATA[2022-03-18T13:22:28]]></BackupTime><ID><![CDATA[{86C9CB19-AB68-46BF-BB11-612D93E4DA2E}]]></ID><Comment><![CDATA[]]></Comment><GPODisplayName><![CDATA[U_ControlPanel]]></GPODisplayName></BackupInst>
