<BackupInst xmlns="http://www.microsoft.com/GroupPolicy/GPOOperations/Manifest"><GPOGuid><![CDATA[{E224ECDA-EF80-4ECF-A728-6F899EA90952}]]></GPOGuid><GPODomain><![CDATA[WallE.IT]]></GPODomain><GPODomainGuid><![CDATA[{07f6cff5-eb5e-4c37-84e9-dd5c78d3accb}]]></GPODomainGuid><GPODomainController><![CDATA[dc1.WallE.IT]]></GPODomainController><BackupTime><![CDATA[2022-03-18T13:26:59]]></BackupTime><ID><![CDATA[{991E984E-E6A0-41FD-95DC-C24FE9E7C29B}]]></ID><Comment><![CDATA[]]></Comment><GPODisplayName><![CDATA[U_Notification]]></GPODisplayName></BackupInst>
