<BackupInst xmlns="http://www.microsoft.com/GroupPolicy/GPOOperations/Manifest"><GPOGuid><![CDATA[{9FA29A98-3933-4E13-8FE3-7C60AD570D7F}]]></GPOGuid><GPODomain><![CDATA[WallE.IT]]></GPODomain><GPODomainGuid><![CDATA[{07f6cff5-eb5e-4c37-84e9-dd5c78d3accb}]]></GPODomainGuid><GPODomainController><![CDATA[dc1.WallE.IT]]></GPODomainController><BackupTime><![CDATA[2022-03-18T13:28:10]]></BackupTime><ID><![CDATA[{D023F678-ED54-4A47-B2EC-C617DF10A7BF}]]></ID><Comment><![CDATA[]]></Comment><GPODisplayName><![CDATA[C_InternetExplorer]]></GPODisplayName></BackupInst>
