<BackupInst xmlns="http://www.microsoft.com/GroupPolicy/GPOOperations/Manifest"><GPOGuid><![CDATA[{7CE165FB-61AA-409C-AFF0-12CEDA84E287}]]></GPOGuid><GPODomain><![CDATA[WallE.IT]]></GPODomain><GPODomainGuid><![CDATA[{07f6cff5-eb5e-4c37-84e9-dd5c78d3accb}]]></GPODomainGuid><GPODomainController><![CDATA[dc1.WallE.IT]]></GPODomainController><BackupTime><![CDATA[2022-03-18T16:16:57]]></BackupTime><ID><![CDATA[{E4BBBACA-8DC3-4AED-83A6-99FF22E3DCB2}]]></ID><Comment><![CDATA[]]></Comment><GPODisplayName><![CDATA[AC_InternetExplorer]]></GPODisplayName></BackupInst>
