<BackupInst xmlns="http://www.microsoft.com/GroupPolicy/GPOOperations/Manifest"><GPOGuid><![CDATA[{D6044A52-1EC8-4138-AE28-45D69603AC52}]]></GPOGuid><GPODomain><![CDATA[WallE.IT]]></GPODomain><GPODomainGuid><![CDATA[{07f6cff5-eb5e-4c37-84e9-dd5c78d3accb}]]></GPODomainGuid><GPODomainController><![CDATA[dc1.WallE.IT]]></GPODomainController><BackupTime><![CDATA[2022-03-18T13:12:53]]></BackupTime><ID><![CDATA[{C5ACE0AC-8983-4218-B7E5-066ED35AFB36}]]></ID><Comment><![CDATA[]]></Comment><GPODisplayName><![CDATA[U_RemovableDrive]]></GPODisplayName></BackupInst>
