<BackupInst xmlns="http://www.microsoft.com/GroupPolicy/GPOOperations/Manifest"><GPOGuid><![CDATA[{95BF0759-AF3D-4670-9444-8CCD94814837}]]></GPOGuid><GPODomain><![CDATA[WallE.IT]]></GPODomain><GPODomainGuid><![CDATA[{07f6cff5-eb5e-4c37-84e9-dd5c78d3accb}]]></GPODomainGuid><GPODomainController><![CDATA[dc1.WallE.IT]]></GPODomainController><BackupTime><![CDATA[2022-03-18T16:15:52]]></BackupTime><ID><![CDATA[{E5B7DB80-A109-4114-9E97-EBEBF83007E3}]]></ID><Comment><![CDATA[]]></Comment><GPODisplayName><![CDATA[AC_InfraSecurity]]></GPODisplayName></BackupInst>
