<BackupInst xmlns="http://www.microsoft.com/GroupPolicy/GPOOperations/Manifest"><GPOGuid><![CDATA[{3201E8AE-2C71-4E59-BFA3-36D59E372D61}]]></GPOGuid><GPODomain><![CDATA[WallE.IT]]></GPODomain><GPODomainGuid><![CDATA[{07f6cff5-eb5e-4c37-84e9-dd5c78d3accb}]]></GPODomainGuid><GPODomainController><![CDATA[dc1.WallE.IT]]></GPODomainController><BackupTime><![CDATA[2022-03-18T13:23:29]]></BackupTime><ID><![CDATA[{F7C289D2-6F7D-4C75-ACF0-B3318B46AF9B}]]></ID><Comment><![CDATA[]]></Comment><GPODisplayName><![CDATA[C_Password]]></GPODisplayName></BackupInst>
