<Backups xmlns="http://www.microsoft.com/GroupPolicy/GPOOperations/Manifest" xmlns:mfst="http://www.microsoft.com/GroupPolicy/GPOOperations/Manifest" mfst:version="1.0"><BackupInst xmlns="http://www.microsoft.com/GroupPolicy/GPOOperations/Manifest"><GPOGuid><![CDATA[{268AE7F3-48B4-44FB-AC99-172F777148E9}]]></GPOGuid><GPODomain><![CDATA[WallE.IT]]></GPODomain><GPODomainGuid><![CDATA[{cc2e721d-0c0e-4269-82d1-cd0d82f86b79}]]></GPODomainGuid><GPODomainController><![CDATA[dc1.WallE.IT]]></GPODomainController><BackupTime><![CDATA[2022-03-16T17:55:46]]></BackupTime><ID><![CDATA[{9B292C38-C7FA-4A78-9CFF-5430F4EF6613}]]></ID><Comment><![CDATA[]]></Comment><GPODisplayName><![CDATA[GPO IT and Sys Admin]]></GPODisplayName></BackupInst><BackupInst xmlns="http://www.microsoft.com/GroupPolicy/GPOOperations/Manifest"><GPOGuid><![CDATA[{1600A603-9680-46EC-87DB-3A921EC9C05A}]]></GPOGuid><GPODomain><![CDATA[WallE.IT]]></GPODomain><GPODomainGuid><![CDATA[{cc2e721d-0c0e-4269-82d1-cd0d82f86b79}]]></GPODomainGuid><GPODomainController><![CDATA[dc1.WallE.IT]]></GPODomainController><BackupTime><![CDATA[2022-03-16T17:55:35]]></BackupTime><ID><![CDATA[{5F9CB6F1-8875-4C00-B742-1C5D7A424204}]]></ID><Comment><![CDATA[]]></Comment><GPODisplayName><![CDATA[GPO Non Technical]]></GPODisplayName></BackupInst><BackupInst xmlns="http://www.microsoft.com/GroupPolicy/GPOOperations/Manifest"><GPOGuid><![CDATA[{4CA47698-02D9-4CFD-9421-3A9B58FA82DD}]]></GPOGuid><GPODomain><![CDATA[WallE.IT]]></GPODomain><GPODomainGuid><![CDATA[{cc2e721d-0c0e-4269-82d1-cd0d82f86b79}]]></GPODomainGuid><GPODomainController><![CDATA[dc1.WallE.IT]]></GPODomainController><BackupTime><![CDATA[2022-03-16T17:54:14]]></BackupTime><ID><![CDATA[{DBBE0E31-C677-4139-A317-93F5EEFE2060}]]></ID><Comment><![CDATA[]]></Comment><GPODisplayName><![CDATA[GPO Technical]]></GPODisplayName></BackupInst><BackupInst><GPOGuid><![CDATA[{CEEA5FA1-B180-4C4F-8FA8-FD15C5B9B9BA}]]></GPOGuid><GPODomain><![CDATA[security.local]]></GPODomain><GPODomainGuid><![CDATA[{6f0514af-6cc4-48d1-b2ef-2310ad5fc57b}]]></GPODomainGuid><GPODomainController><![CDATA[DC-SEC-01.security.local]]></GPODomainController><BackupTime><![CDATA[2021-12-17T14:50:19]]></BackupTime><ID><![CDATA[{4B6589C2-0290-4764-8058-9825B56B4169}]]></ID><Comment><![CDATA[]]></Comment><GPODisplayName><![CDATA[MSFT Windows 10 21H2 - User]]></GPODisplayName></BackupInst><BackupInst><GPOGuid><![CDATA[{AA60633F-5B55-4053-B463-A299E1997775}]]></GPOGuid><GPODomain><![CDATA[security.local]]></GPODomain><GPODomainGuid><![CDATA[{6f0514af-6cc4-48d1-b2ef-2310ad5fc57b}]]></GPODomainGuid><GPODomainController><![CDATA[DC-SEC-01.security.local]]></GPODomainController><BackupTime><![CDATA[2021-12-17T14:50:18]]></BackupTime><ID><![CDATA[{E675A3BA-6C5C-4E57-A3D3-96C19CEC78F8}]]></ID><Comment><![CDATA[]]></Comment><GPODisplayName><![CDATA[MSFT Windows 10 21H2 - Domain Security]]></GPODisplayName></BackupInst><BackupInst><GPOGuid><![CDATA[{46C96103-F068-4D07-9488-69ED489EFF20}]]></GPOGuid><GPODomain><![CDATA[security.local]]></GPODomain><GPODomainGuid><![CDATA[{6f0514af-6cc4-48d1-b2ef-2310ad5fc57b}]]></GPODomainGuid><GPODomainController><![CDATA[DC-SEC-01.security.local]]></GPODomainController><BackupTime><![CDATA[2021-12-17T14:50:18]]></BackupTime><ID><![CDATA[{B669E0C6-C1E3-4582-B797-FE384B21CDD1}]]></ID><Comment><![CDATA[]]></Comment><GPODisplayName><![CDATA[MSFT Windows 10 21H2 - Defender Antivirus]]></GPODisplayName></BackupInst><BackupInst><GPOGuid><![CDATA[{F38B9CC8-B6F7-4072-B9F3-6989269DF38B}]]></GPOGuid><GPODomain><![CDATA[security.local]]></GPODomain><GPODomainGuid><![CDATA[{6f0514af-6cc4-48d1-b2ef-2310ad5fc57b}]]></GPODomainGuid><GPODomainController><![CDATA[DC-SEC-01.security.local]]></GPODomainController><BackupTime><![CDATA[2021-12-17T14:50:18]]></BackupTime><ID><![CDATA[{7AD4F62E-9296-4FEA-9765-C4E3EEAAECC1}]]></ID><Comment><![CDATA[]]></Comment><GPODisplayName><![CDATA[MSFT Windows 10 21H2 - Credential Guard]]></GPODisplayName></BackupInst><BackupInst><GPOGuid><![CDATA[{BBFE2BE3-CD4F-43E5-BA96-944725EC478B}]]></GPOGuid><GPODomain><![CDATA[security.local]]></GPODomain><GPODomainGuid><![CDATA[{6f0514af-6cc4-48d1-b2ef-2310ad5fc57b}]]></GPODomainGuid><GPODomainController><![CDATA[DC-SEC-01.security.local]]></GPODomainController><BackupTime><![CDATA[2021-12-17T14:50:18]]></BackupTime><ID><![CDATA[{DD304A7D-15A7-42B7-AB52-2338F4ECE2C7}]]></ID><Comment><![CDATA[]]></Comment><GPODisplayName><![CDATA[MSFT Windows 10 21H2 - Computer]]></GPODisplayName></BackupInst><BackupInst><GPOGuid><![CDATA[{38F3407D-666B-4E65-BCAF-D50CFC8BD500}]]></GPOGuid><GPODomain><![CDATA[security.local]]></GPODomain><GPODomainGuid><![CDATA[{6f0514af-6cc4-48d1-b2ef-2310ad5fc57b}]]></GPODomainGuid><GPODomainController><![CDATA[DC-SEC-01.security.local]]></GPODomainController><BackupTime><![CDATA[2021-12-17T14:50:17]]></BackupTime><ID><![CDATA[{B697C660-A87B-4AF1-B37D-9440912605E7}]]></ID><Comment><![CDATA[]]></Comment><GPODisplayName><![CDATA[MSFT Windows 10 21H2 - BitLocker]]></GPODisplayName></BackupInst><BackupInst><GPOGuid><![CDATA[{582D31BD-8974-43C8-B88B-FC18B4254E87}]]></GPOGuid><GPODomain><![CDATA[security.local]]></GPODomain><GPODomainGuid><![CDATA[{6f0514af-6cc4-48d1-b2ef-2310ad5fc57b}]]></GPODomainGuid><GPODomainController><![CDATA[DC-SEC-01.security.local]]></GPODomainController><BackupTime><![CDATA[2021-12-17T14:50:17]]></BackupTime><ID><![CDATA[{C94113F4-C027-4F5F-8210-85F4AC2C6082}]]></ID><Comment><![CDATA[]]></Comment><GPODisplayName><![CDATA[MSFT Internet Explorer 11 - User]]></GPODisplayName></BackupInst><BackupInst><GPOGuid><![CDATA[{D5398278-ABE5-4648-921E-D68A15AF59E9}]]></GPOGuid><GPODomain><![CDATA[security.local]]></GPODomain><GPODomainGuid><![CDATA[{6f0514af-6cc4-48d1-b2ef-2310ad5fc57b}]]></GPODomainGuid><GPODomainController><![CDATA[DC-SEC-01.security.local]]></GPODomainController><BackupTime><![CDATA[2021-12-17T14:50:12]]></BackupTime><ID><![CDATA[{23DEF82E-039F-40D5-BBCC-35444958D065}]]></ID><Comment><![CDATA[]]></Comment><GPODisplayName><![CDATA[MSFT Internet Explorer 11 - Computer]]></GPODisplayName></BackupInst></Backups>