<BackupInst xmlns="http://www.microsoft.com/GroupPolicy/GPOOperations/Manifest"><GPOGuid><![CDATA[{C55BDB7D-6D53-4C44-808F-12B0C1C042C4}]]></GPOGuid><GPODomain><![CDATA[WallE.IT]]></GPODomain><GPODomainGuid><![CDATA[{07f6cff5-eb5e-4c37-84e9-dd5c78d3accb}]]></GPODomainGuid><GPODomainController><![CDATA[dc1.WallE.IT]]></GPODomainController><BackupTime><![CDATA[2022-03-18T13:25:10]]></BackupTime><ID><![CDATA[{58821A97-9FBB-4C69-9AFA-E08C4877136D}]]></ID><Comment><![CDATA[]]></Comment><GPODisplayName><![CDATA[C_GuestAccount]]></GPODisplayName></BackupInst>
