<BackupInst xmlns="http://www.microsoft.com/GroupPolicy/GPOOperations/Manifest"><GPOGuid><![CDATA[{882BE541-6E83-420A-94CF-535083E33ECF}]]></GPOGuid><GPODomain><![CDATA[WallE.IT]]></GPODomain><GPODomainGuid><![CDATA[{07f6cff5-eb5e-4c37-84e9-dd5c78d3accb}]]></GPODomainGuid><GPODomainController><![CDATA[dc1.WallE.IT]]></GPODomainController><BackupTime><![CDATA[2022-03-18T16:21:01]]></BackupTime><ID><![CDATA[{05C3E72A-3536-4BDA-8457-3C9DB9A9C08B}]]></ID><Comment><![CDATA[]]></Comment><GPODisplayName><![CDATA[C_Software]]></GPODisplayName></BackupInst>
