<BackupInst xmlns="http://www.microsoft.com/GroupPolicy/GPOOperations/Manifest"><GPOGuid><![CDATA[{C44468A0-9FD0-44DA-8EB4-1CD45C277BD9}]]></GPOGuid><GPODomain><![CDATA[WallE.IT]]></GPODomain><GPODomainGuid><![CDATA[{07f6cff5-eb5e-4c37-84e9-dd5c78d3accb}]]></GPODomainGuid><GPODomainController><![CDATA[dc1.WallE.IT]]></GPODomainController><BackupTime><![CDATA[2022-03-18T13:26:01]]></BackupTime><ID><![CDATA[{63074779-F3C3-4FA7-A165-9CBCBB70EE2A}]]></ID><Comment><![CDATA[]]></Comment><GPODisplayName><![CDATA[U_ActiveDirectory]]></GPODisplayName></BackupInst>
