<BackupInst xmlns="http://www.microsoft.com/GroupPolicy/GPOOperations/Manifest"><GPOGuid><![CDATA[{7116D63A-7ED8-4717-8BA7-F73F13B6C967}]]></GPOGuid><GPODomain><![CDATA[WallE.IT]]></GPODomain><GPODomainGuid><![CDATA[{07f6cff5-eb5e-4c37-84e9-dd5c78d3accb}]]></GPODomainGuid><GPODomainController><![CDATA[dc1.WallE.IT]]></GPODomainController><BackupTime><![CDATA[2022-03-18T16:20:15]]></BackupTime><ID><![CDATA[{F9E49F33-8B07-4E08-ACE8-64AEF4E4FDE6}]]></ID><Comment><![CDATA[]]></Comment><GPODisplayName><![CDATA[AU_Notification]]></GPODisplayName></BackupInst>
