<BackupInst xmlns="http://www.microsoft.com/GroupPolicy/GPOOperations/Manifest"><GPOGuid><![CDATA[{B876068E-FA49-4619-9F74-87550E54AA2D}]]></GPOGuid><GPODomain><![CDATA[WallE.IT]]></GPODomain><GPODomainGuid><![CDATA[{07f6cff5-eb5e-4c37-84e9-dd5c78d3accb}]]></GPODomainGuid><GPODomainController><![CDATA[dc1.WallE.IT]]></GPODomainController><BackupTime><![CDATA[2022-03-18T15:23:36]]></BackupTime><ID><![CDATA[{EAEC17A2-4E03-474A-BE0A-1C49B626D9A0}]]></ID><Comment><![CDATA[]]></Comment><GPODisplayName><![CDATA[C_InfraSecurity]]></GPODisplayName></BackupInst>
