<BackupInst xmlns="http://www.microsoft.com/GroupPolicy/GPOOperations/Manifest"><GPOGuid><![CDATA[{268AE7F3-48B4-44FB-AC99-172F777148E9}]]></GPOGuid><GPODomain><![CDATA[WallE.IT]]></GPODomain><GPODomainGuid><![CDATA[{cc2e721d-0c0e-4269-82d1-cd0d82f86b79}]]></GPODomainGuid><GPODomainController><![CDATA[dc1.WallE.IT]]></GPODomainController><BackupTime><![CDATA[2022-03-16T17:55:46]]></BackupTime><ID><![CDATA[{9B292C38-C7FA-4A78-9CFF-5430F4EF6613}]]></ID><Comment><![CDATA[]]></Comment><GPODisplayName><![CDATA[GPO IT and Sys Admin]]></GPODisplayName></BackupInst>
