<BackupInst xmlns="http://www.microsoft.com/GroupPolicy/GPOOperations/Manifest"><GPOGuid><![CDATA[{71E1CC27-0998-40FC-8CDD-DB6D7596B004}]]></GPOGuid><GPODomain><![CDATA[WallE.IT]]></GPODomain><GPODomainGuid><![CDATA[{07f6cff5-eb5e-4c37-84e9-dd5c78d3accb}]]></GPODomainGuid><GPODomainController><![CDATA[dc1.WallE.IT]]></GPODomainController><BackupTime><![CDATA[2022-03-18T16:19:00]]></BackupTime><ID><![CDATA[{5EBA6225-C1FE-4515-9FB6-638E27AD38B2}]]></ID><Comment><![CDATA[]]></Comment><GPODisplayName><![CDATA[AC_Password]]></GPODisplayName></BackupInst>
