<BackupInst xmlns="http://www.microsoft.com/GroupPolicy/GPOOperations/Manifest"><GPOGuid><![CDATA[{8231F7F8-2058-42C3-8A04-7F6A3B2B0B2D}]]></GPOGuid><GPODomain><![CDATA[WallE.IT]]></GPODomain><GPODomainGuid><![CDATA[{07f6cff5-eb5e-4c37-84e9-dd5c78d3accb}]]></GPODomainGuid><GPODomainController><![CDATA[dc1.WallE.IT]]></GPODomainController><BackupTime><![CDATA[2022-03-18T16:13:25]]></BackupTime><ID><![CDATA[{03D8B7D1-603C-449E-9FA6-3759C4BD0E40}]]></ID><Comment><![CDATA[]]></Comment><GPODisplayName><![CDATA[AC_CredentialGuard]]></GPODisplayName></BackupInst>
