<BackupInst xmlns="http://www.microsoft.com/GroupPolicy/GPOOperations/Manifest"><GPOGuid><![CDATA[{D97C000C-DBDD-4979-A49D-FF70B9DB99D6}]]></GPOGuid><GPODomain><![CDATA[WallE.IT]]></GPODomain><GPODomainGuid><![CDATA[{07f6cff5-eb5e-4c37-84e9-dd5c78d3accb}]]></GPODomainGuid><GPODomainController><![CDATA[dc1.WallE.IT]]></GPODomainController><BackupTime><![CDATA[2022-03-18T13:29:46]]></BackupTime><ID><![CDATA[{C0DDCAEC-30CA-43EC-9C5F-E975BB6A6E32}]]></ID><Comment><![CDATA[]]></Comment><GPODisplayName><![CDATA[C_BitLocker]]></GPODisplayName></BackupInst>
