<BackupInst xmlns="http://www.microsoft.com/GroupPolicy/GPOOperations/Manifest"><GPOGuid><![CDATA[{FEC40294-4EB6-42C0-89EB-74A5585FC304}]]></GPOGuid><GPODomain><![CDATA[WallE.IT]]></GPODomain><GPODomainGuid><![CDATA[{07f6cff5-eb5e-4c37-84e9-dd5c78d3accb}]]></GPODomainGuid><GPODomainController><![CDATA[dc1.WallE.IT]]></GPODomainController><BackupTime><![CDATA[2022-03-18T16:14:45]]></BackupTime><ID><![CDATA[{22D7B5E1-DC0B-453F-8101-121674C05D7A}]]></ID><Comment><![CDATA[]]></Comment><GPODisplayName><![CDATA[AC_GuestAccount]]></GPODisplayName></BackupInst>
