<BackupInst xmlns="http://www.microsoft.com/GroupPolicy/GPOOperations/Manifest"><GPOGuid><![CDATA[{37AD2C58-B5E3-4799-B575-BC03B2B55C8D}]]></GPOGuid><GPODomain><![CDATA[WallE.IT]]></GPODomain><GPODomainGuid><![CDATA[{07f6cff5-eb5e-4c37-84e9-dd5c78d3accb}]]></GPODomainGuid><GPODomainController><![CDATA[dc1.WallE.IT]]></GPODomainController><BackupTime><![CDATA[2022-03-18T13:33:16]]></BackupTime><ID><![CDATA[{D8142AC3-7937-4435-AE2E-99C6F6AE8D5B}]]></ID><Comment><![CDATA[]]></Comment><GPODisplayName><![CDATA[C_AntiVirus]]></GPODisplayName></BackupInst>
